{"cameraMode":{"drawMode":0,"name":"Shaded","section":"Shading Mode"},"sceneLighting":false,"audioPlay":false,"sceneViewState":{"showFog":false,"showMaterialUpdate":false,"showSkybox":false,"showFlares":false,"showImageEffects":false,"showParticleSystems":false},"in2DMode":false,"pivot":{"x":2.351802349090576,"y":1.3915482759475709,"z":-11.264847755432129},"rotation":{"x":0.004099395126104355,"y":0.9911140203475952,"z":-0.03145322948694229,"w":0.12917768955230714},"size":1.1316388845443726,"orthographic":false}