{"cameraMode":{"drawMode":0,"name":"Shaded","section":"Shading Mode"},"sceneLighting":false,"audioPlay":false,"sceneViewState":{"showFog":false,"showMaterialUpdate":false,"showSkybox":false,"showFlares":false,"showImageEffects":false,"showParticleSystems":false},"in2DMode":false,"pivot":{"x":0.23337379097938538,"y":1.276605248451233,"z":0.6576436758041382},"rotation":{"x":0.017657792195677758,"y":0.8830079436302185,"z":-0.03332916274666786,"w":0.4678401052951813},"size":1.0184752941131592,"orthographic":false}