{"cameraMode":{"drawMode":0,"name":"Shaded","section":"Shading Mode"},"sceneLighting":false,"audioPlay":false,"sceneViewState":{"showFog":false,"showMaterialUpdate":false,"showSkybox":false,"showFlares":false,"showImageEffects":false,"showParticleSystems":false},"in2DMode":false,"pivot":{"x":0.23337730765342713,"y":1.2893977165222169,"z":0.8425847291946411},"rotation":{"x":-0.0697002187371254,"y":-0.7693958282470703,"z":0.08522918075323105,"w":-0.6292122006416321},"size":2.6078295707702638,"orthographic":false}