{"cameraMode":{"drawMode":0,"name":"Shaded","section":"Shading Mode"},"sceneLighting":false,"audioPlay":false,"sceneViewState":{"showFog":false,"showMaterialUpdate":false,"showSkybox":false,"showFlares":false,"showImageEffects":false,"showParticleSystems":false},"in2DMode":false,"pivot":{"x":0.23337379097938538,"y":1.276605248451233,"z":0.6576436758041382},"rotation":{"x":0.030786631628870965,"y":0.7315501570701599,"z":-0.03310664743185043,"w":0.6802871823310852},"size":1.0184752941131592,"orthographic":false}