{"cameraMode":{"drawMode":0,"name":"Shaded","section":"Shading Mode"},"sceneLighting":false,"audioPlay":false,"sceneViewState":{"showFog":false,"showMaterialUpdate":false,"showSkybox":false,"showFlares":false,"showImageEffects":false,"showParticleSystems":false},"in2DMode":false,"pivot":{"x":1.900014042854309,"y":1.994760274887085,"z":-5.420327186584473},"rotation":{"x":-0.024674324318766595,"y":0.9748476147651672,"z":-0.1403878778219223,"w":-0.17133189737796784},"size":3.6374919414520265,"orthographic":false}