{"cameraMode":{"drawMode":0,"name":"Shaded","section":"Shading Mode"},"sceneLighting":false,"audioPlay":false,"sceneViewState":{"showFog":false,"showMaterialUpdate":false,"showSkybox":false,"showFlares":false,"showImageEffects":false,"showParticleSystems":false},"in2DMode":false,"pivot":{"x":0.23337379097938538,"y":1.276605248451233,"z":0.6576436758041382},"rotation":{"x":-0.0697002187371254,"y":-0.7693958282470703,"z":0.08522918075323105,"w":-0.6292122006416321},"size":1.0184752941131592,"orthographic":false}