{"cameraMode":{"drawMode":0,"name":"Shaded","section":"Shading Mode"},"sceneLighting":false,"audioPlay":false,"sceneViewState":{"showFog":false,"showMaterialUpdate":false,"showSkybox":false,"showFlares":false,"showImageEffects":false,"showParticleSystems":false},"in2DMode":false,"pivot":{"x":-2.3096799850463868e-7,"y":-0.043634235858917239,"z":0.1639496386051178},"rotation":{"x":-0.0697002187371254,"y":-0.7693958282470703,"z":0.08522918075323105,"w":-0.6292122006416321},"size":1.1316391229629517,"orthographic":false}