{"cameraMode":{"drawMode":0,"name":"Shaded","section":"Shading Mode"},"sceneLighting":false,"audioPlay":false,"sceneViewState":{"showFog":false,"showMaterialUpdate":false,"showSkybox":false,"showFlares":false,"showImageEffects":false,"showParticleSystems":false},"in2DMode":false,"pivot":{"x":0.2331046760082245,"y":1.2718515396118165,"z":0.45982837677001955},"rotation":{"x":-0.0697002187371254,"y":-0.7693958282470703,"z":0.08522918075323105,"w":-0.6292122006416321},"size":2.233555316925049,"orthographic":false}